Workbook

Sheet Tracker
A1: Step | B1: Step Name | C1: Sub-step | D1: # | E1: Done | F1: Problem | G1: Difficulty | H1: LeetCode | I1: Striver Video | J1: Status | K1: Date Solved | L1: Revisit? | M1: Notes
A2: 1 | B2: Learn the Basics | C2: 1.1 Basics (C++/Python) | D2: 1 | F2: User Input / Output | G2: Easy | H2: 🔗 open | I2: ▶ video | J2: Not Started
A3: 1 | B3: Learn the Basics | C3: 1.1 Basics (C++/Python) | D3: 2 | F3: Data Types | G3: Easy | H3: 🔗 open | I3: ▶ video | J3: Not Started
A4: 1 | B4: Learn the Basics | C4: 1.1 Basics (C++/Python) | D4: 3 | F4: If-Else statements | G4: Easy | H4: 🔗 open | I4: ▶ video | J4: Not Started
A5: 1 | B5: Learn the Basics | C5: 1.1 Basics (C++/Python) | D5: 4 | F5: Switch Statement | G5: Easy | H5: 🔗 open | I5: ▶ video | J5: Not Started
A6: 1 | B6: Learn the Basics | C6: 1.1 Basics (C++/Python) | D6: 5 | F6: Arrays, Strings basics | G6: Easy | H6: 🔗 open | I6: ▶ video | J6: Not Started
A7: 1 | B7: Learn the Basics | C7: 1.1 Basics (C++/Python) | D7: 6 | F7: For loops | G7: Easy | H7: 🔗 open | I7: ▶ video | J7: Not Started
A8: 1 | B8: Learn the Basics | C8: 1.1 Basics (C++/Python) | D8: 7 | F8: While loops | G8: Easy | H8: 🔗 open | I8: ▶ video | J8: Not Started
A9: 1 | B9: Learn the Basics | C9: 1.1 Basics (C++/Python) | D9: 8 | F9: Functions (pass by ref/value) | G9: Easy | H9: 🔗 open | I9: ▶ video | J9: Not Started
A10: 1 | B10: Learn the Basics | C10: 1.1 Basics (C++/Python) | D10: 9 | F10: Time & Space Complexity | G10: Easy | H10: 🔗 open | I10: ▶ video | J10: Not Started
A11: 1 | B11: Learn the Basics | C11: 1.2 Patterns | D11: 10 | F11: Build-up Logical Thinking (Patterns) | G11: Easy | H11: 🔗 open | I11: ▶ video | J11: Not Started
A12: 1 | B12: Learn the Basics | C12: 1.3 STL / Collections | D12: 11 | F12: C++ STL | G12: Easy | H12: 🔗 open | I12: ▶ video | J12: Not Started
A13: 1 | B13: Learn the Basics | C13: 1.3 STL / Collections | D13: 12 | F13: Java Collections | G13: Easy | H13: 🔗 open | I13: ▶ video | J13: Not Started
... A455: 18 | B455: Strings (Hard) | C455: 18.1 Problems | D455: 454 | F455: Count palindromic subsequences | G455: Hard | H455: 🔗 open | I455: ▶ video | J455: Not Started

Sheet Dashboard
A1: STRIVER A2Z DSA — PROGRESS DASHBOARD
A3: Overall progress
A4: Total problems | B4: =COUNTA(Tracker!F2:F455) -> 454
A5: Solved | B5: =COUNTIF(Tracker!J2:J455,"Solved") -> 0
A6: Remaining | B6: =B4-B5 -> 454
A7: Percent complete | B7: =B5/B4 -> 0
A8: To revisit | B8: =COUNTIF(Tracker!J2:J455,"Revisit") -> 0
A10: Progress by Step
A12: Step | B12: Step Name | C12: Total | D12: Solved | E12: Remaining | F12: % Done
A13: 1 | B13: Learn the Basics | C13: =COUNTIF(Tracker!A2:A455,1) -> 31 | D13: =COUNTIFS(Tracker!A2:A455,1,Tracker!J2:J455,"Solved") -> 0 | E13: =C13-D13 -> 31 | F13: =IF(C13=0,0,D13/C13) -> 0
A14: 2 | B14: Sorting Techniques | C14: =COUNTIF(Tracker!A2:A455,2) -> 7 | D14: =COUNTIFS(Tracker!A2:A455,2,Tracker!J2:J455,"Solved") -> 0 | E14: =C14-D14 -> 7 | F14: =IF(C14=0,0,D14/C14) -> 0
A15: 3 | B15: Arrays | C15: =COUNTIF(Tracker!A2:A455,3) -> 41 | D15: =COUNTIFS(Tracker!A2:A455,3,Tracker!J2:J455,"Solved") -> 0 | E15: =C15-D15 -> 41 | F15: =IF(C15=0,0,D15/C15) -> 0
A16: 4 | B16: Binary Search | C16: =COUNTIF(Tracker!A2:A455,4) -> 32 | D16: =COUNTIFS(Tracker!A2:A455,4,Tracker!J2:J455,"Solved") -> 0 | E16: =C16-D16 -> 32 | F16: =IF(C16=0,0,D16/C16) -> 0
A17: 5 | B17: Strings (Basic) | C17: =COUNTIF(Tracker!A2:A455,5) -> 15 | D17: =COUNTIFS(Tracker!A2:A455,5,Tracker!J2:J455,"Solved") -> 0 | E17: =C17-D17 -> 15 | F17: =IF(C17=0,0,D17/C17) -> 0
A18: 6 | B18: Linked List | C18: =COUNTIF(Tracker!A2:A455,6) -> 31 | D18: =COUNTIFS(Tracker!A2:A455,6,Tracker!J2:J455,"Solved") -> 0 | E18: =C18-D18 -> 31 | F18: =IF(C18=0,0,D18/C18) -> 0
A19: 7 | B19: Recursion | C19: =COUNTIF(Tracker!A2:A455,7) -> 25 | D19: =COUNTIFS(Tracker!A2:A455,7,Tracker!J2:J455,"Solved") -> 0 | E19: =C19-D19 -> 25 | F19: =IF(C19=0,0,D19/C19) -> 0
A20: 8 | B20: Bit Manipulation | C20: =COUNTIF(Tracker!A2:A455,8) -> 18 | D20: =COUNTIFS(Tracker!A2:A455,8,Tracker!J2:J455,"Solved") -> 0 | E20: =C20-D20 -> 18 | F20: =IF(C20=0,0,D20/C20) -> 0
A21: 9 | B21: Stack & Queue | C21: =COUNTIF(Tracker!A2:A455,9) -> 31 | D21: =COUNTIFS(Tracker!A2:A455,9,Tracker!J2:J455,"Solved") -> 0 | E21: =C21-D21 -> 31 | F21: =IF(C21=0,0,D21/C21) -> 0
A22: 10 | B22: Sliding Window & Two Pointer | C22: =COUNTIF(Tracker!A2:A455,10) -> 12 | D22: =COUNTIFS(Tracker!A2:A455,10,Tracker!J2:J455,"Solved") -> 0 | E22: =C22-D22 -> 12 | F22: =IF(C22=0,0,D22/C22) -> 0
A23: 11 | B23: Heaps | C23: =COUNTIF(Tracker!A2:A455,11) -> 17 | D23: =COUNTIFS(Tracker!A2:A455,11,Tracker!J2:J455,"Solved") -> 0 | E23: =C23-D23 -> 17 | F23: =IF(C23=0,0,D23/C23) -> 0
A24: 12 | B24: Greedy Algorithms | C24: =COUNTIF(Tracker!A2:A455,12) -> 16 | D24: =COUNTIFS(Tracker!A2:A455,12,Tracker!J2:J455,"Solved") -> 0 | E24: =C24-D24 -> 16 | F24: =IF(C24=0,0,D24/C24) -> 0
A25: 13 | B25: Binary Trees | C25: =COUNTIF(Tracker!A2:A455,13) -> 39 | D25: =COUNTIFS(Tracker!A2:A455,13,Tracker!J2:J455,"Solved") -> 0 | E25: =C25-D25 -> 39 | F25: =IF(C25=0,0,D25/C25) -> 0
A26: 14 | B26: Binary Search Trees | C26: =COUNTIF(Tracker!A2:A455,14) -> 16 | D26: =COUNTIFS(Tracker!A2:A455,14,Tracker!J2:J455,"Solved") -> 0 | E26: =C26-D26 -> 16 | F26: =IF(C26=0,0,D26/C26) -> 0
A27: 15 | B27: Graphs | C27: =COUNTIF(Tracker!A2:A455,15) -> 52 | D27: =COUNTIFS(Tracker!A2:A455,15,Tracker!J2:J455,"Solved") -> 0 | E27: =C27-D27 -> 52 | F27: =IF(C27=0,0,D27/C27) -> 0
A28: 16 | B28: Dynamic Programming | C28: =COUNTIF(Tracker!A2:A455,16) -> 55 | D28: =COUNTIFS(Tracker!A2:A455,16,Tracker!J2:J455,"Solved") -> 0 | E28: =C28-D28 -> 55 | F28: =IF(C28=0,0,D28/C28) -> 0
A29: 17 | B29: Tries | C29: =COUNTIF(Tracker!A2:A455,17) -> 7 | D29: =COUNTIFS(Tracker!A2:A455,17,Tracker!J2:J455,"Solved") -> 0 | E29: =C29-D29 -> 7 | F29: =IF(C29=0,0,D29/C29) -> 0
A30: 18 | B30: Strings (Hard) | C30: =COUNTIF(Tracker!A2:A455,18) -> 9 | D30: =COUNTIFS(Tracker!A2:A455,18,Tracker!J2:J455,"Solved") -> 0 | E30: =C30-D30 -> 9 | F30: =IF(C30=0,0,D30/C30) -> 0
B31: TOTAL | C31: =SUM(C13:C30) -> 454 | D31: =SUM(D13:D30) -> 0 | E31: =SUM(E13:E30) -> 454 | F31: =IF(C31=0,0,D31/C31) -> 0

Sheet How to Use
A1: Striver A2Z DSA — 455 Problem Tracker
A3: This workbook lists every problem of the Striver A2Z sheet, step by step.
A5: HOW TO USE
A6: 1. Work top to bottom on the 'Tracker' sheet — it follows Striver's exact order.
A7: 2. Click 'open' (LeetCode column) for the problem, '▶ video' for Striver's solution.
A8: 3. Tick the 'Done' column (pick the ✓) when finished — the cell turns green.
A9: 4. Optionally set the Status dropdown too: Not Started / Solved / Revisit.
A10: 5. Fill Date Solved and a one-line Note (the pattern + the trick).
A11: 6. Mark Revisit = Yes for anything that took over 30 min — re-solve it in 2 days.
A12: 7. The 'Dashboard' updates automatically: overall % and per-step progress.
A13: 8. Use the filter arrows on the header to view one step or one difficulty.
A15: ABOUT THE LINKS
... A27: takeuforward.org for any last-minute additions.
